<?xml version="1.0"?>
<Schema xmlns="urn:schemas-microsoft-com:xml-data"
        xmlns:dt="urn:schemas-microsoft-com:datatypes"
        xmlns:sql="urn:schemas-microsoft-com:xml-sql">
   <ElementType name="Book" sql:relation="books">
      <AttributeType name="ISBN" />
      <attribute type="ISBN" />
      <element type="AuthorOfBook">
         <sql:relationship key-relation="books" key="ISBN"
                           foreign-relation="authors" foreign-key="ISBN" />
      </element>
   </ElementType>

   <ElementType name="AuthorOfBook" sql:relation="authors">
      <AttributeType name="Name" />
      <attribute type="Name" sql:field="Author" />
   </ElementType>
</Schema>