<?xml version="1.0"?>
<Schema xmlns="urn:schemas-microsoft-com:xml-data"
        xmlns:dt="urn:schemas-microsoft-com:datatypes"
        xmlns:sql="urn:schemas-microsoft-com:xml-sql">
   <ElementType name="Book" sql:relation="books">
      <AttributeType name="ISBN" dt:type="string" />
      <AttributeType name="Title" dt:type="string" />
      <AttributeType name="Price" dt:type="float" />
      <attribute type="ISBN" />
      <attribute type="Title" />
      <attribute type="Price" />
   </ElementType>
</Schema>