<Catalog xmlns:updg="urn:schemas-microsoft-com:xml-updategram">
<updg:sync>
   <updg:before>
      <books updg:id="book1" ISBN="1-893115-06-2" CoverType="H" />
   </updg:before>
   <updg:after>
      <books updg:id="book1" ISBN="1-893115-06-2" CoverType="S" />
      <books updg:id="book2"
             ISBN="1-893115-53-4"
             Title="Visual Basic for Testers"
             Pages="350"
             Price="$39.95"
             CoverType="S" />
   </updg:after>
</updg:sync>
</Catalog>