<Catalog xmlns:updg="urn:schemas-microsoft-com:xml-updategram">
<updg:sync>
   <updg:before>
      <books ISBN="1-893115-06-2" CoverType="S" />
   </updg:before>
   <updg:after>
      <books ISBN="1-893115-06-2" CoverType="H" />
   </updg:after>

   <updg:before>
   </updg:before>
   <updg:after>
      <books ISBN="1-893115-80-1"
             Title="A Programmer�s Guide to Jini Technology"
             Pages="375"
             Price="$39.95"
             CoverType="S" />
   </updg:after>
</updg:sync>
</Catalog>