<?xml version="1.0"?>
<Magazines>
    <Magazine Price="5.95">
       <Title>SQL Server magazine</Title>
       <Publisher>Penton</Publisher>
    </Magazine>
    <Magazine Price="4.95">
       <Title>Web Techniques</Title>
       <Publisher>CMP</Publisher>
    </Magazine>
    <Magazine Price="5.00">
       <Title>Wireless Business and Technology</Title>
       <Publisher>Sys-con media</Publisher>
    </Magazine>
    <Magazine Price="5.95">
       <Title>MSDN</Title>
       <Publisher>CMP</Publisher>
    </Magazine>
</Magazines>
