<?xml version="1.0"?>
<BOOKS xmlns:apress="http://www.apress.com">
  <apress:BOOK ISBN="1893115860" Pages="357" Type="SOFT">
     <!--This is the first book-->
     <TITLE>A Programmer's Introduction to C#</TITLE>
     <AUTHOR>Eric Gunnerson</AUTHOR>
     <PRICE>34.95</PRICE>
  </apress:BOOK>
  <BOOK ISBN="189311595X" Pages="380" Type="HARD">
     <TITLE>Cryptography in C &amp; C++</TITLE>
     <AUTHOR>Michael Welschenbach</AUTHOR>
     <PRICE>49.95</PRICE>
  </BOOK>
  <BOOK ISBN="1893115763" Pages="400" Type="SOFT">
     <TITLE>C++ for VB Programmers</TITLE>
     <AUTHOR>Jonathan Morrison</AUTHOR>
     <PRICE>49.95</PRICE>
  </BOOK>
</BOOKS>
